survey_year,stratum_analysis,extrapolation,sample_group,zm_area_m2,zm_var_m4,se_m2,cv,ni,Ni,A2,Aij,R,LT,LN
2007,core,none,soundwide,35140354.435839385,6982033263533.1768,2642353.7355042333,0.075194282411941649,6,,,,,,
2007,persistent flats,none,soundwide,21544414.816827096,627309335379.09644,792028.62030301429,0.036762596108407944,3,,,,,,
2007,flats,area,soundwide,49105750.909419231,53436890935947.437,7310054.0993858203,0.14886350303185447,10,66,323627666.9335596,55559011.858476594,0.15173533021668567,,
2007,fringe,linear,soundwide,90191867.389319316,282790755815508.87,16816383.553413287,0.18645121827696753,45,2028,,,,2089894.2845264219,2028000.0
2007,wide fringe,linear,soundwide,18331425.422043327,16800765335742.238,4098873.6667214124,0.22359819666792327,15,363,,,,370660.8731946015,363000.0
