survey_year,sample_group,zm_area_m2,zm_var_m4,se_m2,cv
2007,soundwide,214313812.97344834,360637754686110.81,18990464.835967306,0.088610549980369505
