survey_year1,survey_year2,sample_group,prop_change,zm_area_chg_m2,se_zm_area_chg,mc_95ci
2007,2008,soundwide,0.064888084880907637,13906412.88737208,2493714.4975488954,0.091937013407247165
